camera,contact_x_err_cm,contact_y_err_cm,i,length_m,line_m,n_frames,n_track,reproj_px,sigma_y_cm,sigma_z_cm,speed_err_kmh,speed_kmh,truth,truth_y_cm,truth_z_cm,verdict,warnings,y_err_cm,z_err_cm
striker_ref,1.31,0.77,0,2.0,-0.4,67,25,3.12,16.49,30.36,5.8,90,not_out,-44.73,30.5,not_out,,0.59,0.82
striker_ref,2.08,0.15,1,4.0,-0.4,68,33,2.7,14.17,24.81,2.1,90,not_out,-50.72,49.72,not_out,,0.55,0.82
striker_ref,3.07,0.09,2,6.0,-0.4,68,36,2.24,3.31,5.1,27.5,90,not_out,-58.58,63.06,not_out,,0.6,0.32
striker_ref,122.45,38.97,3,8.0,-0.4,69,19,3.82,,,44.0,90,not_out,-69.3,73.46,not_out,,,
striker_ref,297.0,2.59,4,2.0,-0.2,67,22,4.25,44.01,23.66,27.3,90,not_out,-22.36,30.5,umpires_call,,3.23,19.71
striker_ref,2.39,0.48,5,4.0,-0.2,68,33,3.0,6.97,24.99,1.4,90,not_out,-25.36,49.72,not_out,,0.96,2.12
striker_ref,1.61,0.4,6,6.0,-0.2,68,35,2.51,2.15,6.43,32.2,90,not_out,-29.29,63.06,not_out,,0.18,0.87
striker_ref,5.64,0.28,7,8.0,-0.2,69,40,1.99,1.91,4.59,1.5,90,not_out,-34.65,73.46,not_out,,2.9,6.38
striker_ref,296.02,0.35,8,2.0,0.0,67,23,3.51,45.23,24.36,26.6,90,out,0.0,30.5,umpires_call,,0.55,19.95
striker_ref,4.52,0.55,9,4.0,0.0,68,35,3.84,0.72,9.69,0.3,90,out,0.0,49.72,out,,0.14,2.47
striker_ref,3.06,0.14,10,6.0,0.0,68,36,5.01,2.43,31.01,30.6,90,out,0.0,63.06,umpires_call,,1.74,5.45
striker_ref,8.82,0.37,11,8.0,0.0,69,41,3.37,0.47,4.87,6.4,90,umpires_call,0.0,73.46,umpires_call,,0.74,6.88
striker_ref,1.36,0.04,12,2.0,0.2,67,27,2.26,2.47,6.0,6.8,90,not_out,22.36,30.5,not_out,,0.02,0.64
striker_ref,0.18,1.22,13,4.0,0.2,68,30,3.46,7.0,23.38,5.2,90,not_out,25.36,49.72,not_out,,0.51,2.54
striker_ref,1.78,0.21,14,6.0,0.2,68,36,2.1,4.28,13.11,31.8,90,not_out,29.29,63.06,not_out,,0.48,1.0
striker_ref,9.51,2.88,15,8.0,0.2,69,39,3.71,2.82,6.93,7.9,90,not_out,34.65,73.46,not_out,,3.98,8.78
striker_ref,0.81,0.14,16,2.0,0.4,67,26,2.5,4.28,7.31,6.2,90,not_out,44.73,30.5,not_out,,0.41,0.37
striker_ref,0.77,0.3,17,4.0,0.4,68,31,2.84,10.46,18.81,5.2,90,not_out,50.72,49.72,not_out,,0.8,2.07
striker_ref,2.02,0.87,18,6.0,0.4,68,36,2.37,6.47,9.97,32.8,90,not_out,58.58,63.06,not_out,,0.11,0.85
striker_ref,22.49,2.84,19,8.0,0.4,69,39,3.33,3.92,4.76,11.3,90,not_out,69.3,73.46,not_out,,7.53,7.97
striker_ref,4.07,0.07,20,2.0,-0.4,61,26,3.59,12.36,23.81,1.1,105,not_out,-44.73,27.23,not_out,,2.17,2.18
striker_ref,2.21,0.18,21,4.0,-0.4,62,31,2.2,5.3,9.57,31.0,105,not_out,-50.72,46.26,not_out,,5.51,9.27
striker_ref,5.55,0.95,22,6.0,-0.4,62,34,1.67,4.99,7.14,19.5,105,not_out,-58.58,62.46,not_out,used the colour track over a shorter learned-detector arc,3.3,4.22
striker_ref,13.45,0.45,23,8.0,-0.4,63,37,2.58,2.16,2.5,0.4,105,not_out,-69.3,78.78,not_out,,19.76,20.15
striker_ref,0.46,0.22,24,2.0,-0.2,61,22,3.45,14.25,29.35,6.2,105,not_out,-22.36,27.23,umpires_call,,0.45,0.76
striker_ref,0.22,0.46,25,4.0,-0.2,62,30,2.79,3.16,11.19,32.7,105,not_out,-25.36,46.26,not_out,,1.18,2.03
striker_ref,11.41,0.47,26,6.0,-0.2,62,35,2.73,9.2,25.99,14.9,105,not_out,-29.29,62.46,not_out,,2.13,5.27
striker_ref,4.71,0.96,27,8.0,-0.2,63,37,3.21,0.9,1.92,3.2,105,not_out,-34.65,78.78,not_out,,4.93,7.99
striker_ref,47.92,0.38,28,2.0,0.0,61,25,2.57,56.2,66.2,15.5,105,out,0.0,27.23,umpires_call,,9.59,87.24
striker_ref,0.24,0.33,29,4.0,0.0,62,31,3.27,2.54,32.0,34.9,105,out,0.0,46.26,umpires_call,,0.4,2.25
striker_ref,13.84,0.49,30,6.0,0.0,62,32,2.71,2.35,25.61,5.5,105,out,0.0,62.46,umpires_call,,1.37,0.1
striker_ref,4.41,0.08,31,8.0,0.0,63,35,3.02,0.18,1.73,8.4,105,not_out,0.0,78.78,umpires_call,,0.33,4.93
striker_ref,388.81,4.22,32,2.0,0.2,61,22,2.96,25.28,22.26,99.0,105,not_out,22.36,27.23,not_out,,12.67,12.73
striker_ref,3.28,0.47,33,4.0,0.2,62,30,3.63,4.65,17.13,40.7,105,not_out,25.36,46.26,not_out,,1.22,5.16
striker_ref,5.81,1.71,34,6.0,0.2,62,31,2.35,9.22,24.92,13.8,105,not_out,29.29,62.46,not_out,,1.47,1.76
striker_ref,4.25,1.13,35,8.0,0.2,63,36,3.51,0.91,1.87,0.0,105,not_out,34.65,78.78,not_out,,4.11,7.7
striker_ref,2.61,0.07,36,2.0,0.4,61,27,2.13,10.24,18.79,1.0,105,not_out,44.73,27.23,not_out,,1.83,2.69
striker_ref,1.51,0.11,37,4.0,0.4,62,32,2.62,8.28,15.27,28.7,105,not_out,50.72,46.26,not_out,,2.2,3.12
striker_ref,2.58,1.53,38,6.0,0.4,62,34,3.37,14.48,21.91,14.7,105,not_out,58.58,62.46,not_out,,5.1,7.26
striker_ref,1.45,0.23,39,8.0,0.4,63,36,2.04,1.72,1.87,3.3,105,not_out,69.3,78.78,not_out,,11.99,12.16
striker_ref,18.76,0.41,40,2.0,-0.4,57,24,2.55,5.28,13.74,51.6,120,not_out,-44.73,25.11,not_out,,6.38,10.18
striker_ref,13.0,1.55,41,4.0,-0.4,57,28,2.79,20.98,36.57,24.9,120,not_out,-50.72,44.01,not_out,,2.29,1.46
striker_ref,7.59,0.83,42,6.0,-0.4,58,31,2.41,2.91,4.08,2.7,120,not_out,-58.58,62.06,not_out,,17.33,21.95
striker_ref,12.82,0.05,43,8.0,-0.4,58,32,2.7,1.97,1.92,1.0,120,not_out,-69.3,82.25,not_out,,13.54,11.66
striker_ref,632.39,5.59,44,2.0,-0.2,57,19,3.18,205.68,139.66,96.6,120,not_out,-22.36,25.11,umpires_call,,11.92,27.36
striker_ref,19.8,0.95,45,4.0,-0.2,57,28,3.78,10.36,32.94,20.9,120,not_out,-25.36,44.01,umpires_call,,0.45,1.74
striker_ref,6.34,0.9,46,6.0,-0.2,58,32,1.92,9.0,24.49,5.2,120,not_out,-29.29,62.06,not_out,,6.3,16.24
striker_ref,11.92,0.31,47,8.0,-0.2,58,30,3.75,1.05,2.02,3.4,120,not_out,-34.65,82.25,not_out,,6.99,11.97
striker_ref,614.35,0.9,48,2.0,0.0,57,22,2.76,180.25,119.34,96.4,120,out,0.0,25.11,umpires_call,,0.34,25.78
striker_ref,14.28,0.11,49,4.0,0.0,57,27,2.73,3.36,36.16,22.5,120,out,0.0,44.01,umpires_call,,0.06,1.99
striker_ref,6.61,1.15,50,6.0,0.0,58,30,3.33,2.12,25.48,6.8,120,out,0.0,62.06,umpires_call,,0.2,12.71
striker_ref,3.87,0.33,51,8.0,0.0,58,32,1.95,1.27,12.87,11.0,120,not_out,0.0,82.25,umpires_call,,0.27,10.49
striker_ref,17.33,0.57,52,2.0,0.2,57,22,2.98,2.28,9.75,53.2,120,not_out,22.36,25.11,not_out,,2.25,8.71
striker_ref,15.97,0.31,53,4.0,0.2,57,26,3.42,10.29,35.89,26.3,120,not_out,25.36,44.01,not_out,,0.29,1.33
striker_ref,6.7,1.54,54,6.0,0.2,58,31,2.58,8.71,24.24,6.7,120,not_out,29.29,62.06,not_out,,6.2,16.11
striker_ref,0.9,0.12,55,8.0,0.2,58,31,5.24,2.08,4.03,10.0,120,not_out,34.65,82.25,not_out,,3.89,5.79
striker_ref,10.76,0.97,56,2.0,0.4,57,24,2.66,8.1,18.46,40.6,120,not_out,44.73,25.11,not_out,,3.95,8.01
striker_ref,5.66,1.15,57,4.0,0.4,57,28,5.48,21.84,38.32,32.1,120,not_out,50.72,44.01,not_out,,1.88,1.8
striker_ref,7.7,0.51,58,6.0,0.4,58,30,3.76,3.24,4.66,8.6,120,not_out,58.58,62.06,not_out,,17.91,22.51
striker_ref,17.12,0.87,59,8.0,0.4,58,33,2.36,2.23,2.19,1.2,120,not_out,69.3,82.25,not_out,,14.1,12.71
striker_ref,11.18,0.56,60,2.0,-0.4,53,23,5.35,33.33,31.03,15.7,135,not_out,-44.73,23.66,umpires_call,,2.4,14.82
striker_ref,48.57,0.09,61,4.0,-0.4,53,25,3.06,25.73,36.14,15.3,135,not_out,-50.72,42.47,not_out,,15.42,13.23
striker_ref,10.95,0.06,62,6.0,-0.4,54,27,3.1,4.77,6.58,6.4,135,not_out,-58.58,61.79,not_out,,12.02,15.78
striker_ref,1.52,0.93,63,8.0,-0.4,54,28,3.07,4.06,3.43,5.4,135,not_out,-69.3,84.64,not_out,,2.15,2.71
striker_ref,16.62,0.51,64,2.0,-0.2,53,22,5.12,10.01,29.42,50.7,135,not_out,-22.36,23.66,umpires_call,,1.62,5.67
striker_ref,18.65,0.15,65,4.0,-0.2,53,24,3.2,17.06,55.93,9.6,135,not_out,-25.36,42.47,umpires_call,,8.56,24.74
striker_ref,5.86,1.12,66,6.0,-0.2,54,28,2.83,7.78,20.69,14.4,135,not_out,-29.29,61.79,not_out,,5.7,15.48
striker_ref,7.45,0.67,67,8.0,-0.2,54,28,2.79,1.78,2.99,7.1,135,not_out,-34.65,84.64,not_out,,0.77,2.86
striker_ref,487.63,0.59,68,2.0,0.0,53,21,2.26,145.84,85.3,58.1,135,out,0.0,23.66,umpires_call,,0.39,24.83
striker_ref,56.31,0.16,69,4.0,0.0,53,21,2.06,6.58,32.32,17.9,135,out,0.0,42.47,out,,0.27,10.95
striker_ref,14.65,1.38,70,6.0,0.0,54,25,2.75,2.12,25.65,8.8,135,out,0.0,61.79,out,,1.01,16.95
striker_ref,1.07,0.41,71,8.0,0.0,54,27,2.21,1.07,10.66,11.8,135,not_out,0.0,84.64,not_out,,0.13,2.3
striker_ref,493.02,2.39,72,2.0,0.2,53,21,3.93,139.9,83.4,63.3,135,not_out,22.36,23.66,not_out,,8.59,24.19
striker_ref,12.89,0.13,73,4.0,0.2,53,23,2.63,17.31,55.34,4.2,135,not_out,25.36,42.47,not_out,,8.12,21.21
striker_ref,17.65,0.73,74,6.0,0.2,54,26,3.6,8.19,22.53,4.3,135,not_out,29.29,61.79,not_out,,7.38,16.62
striker_ref,4.01,0.51,75,8.0,0.2,54,28,3.73,3.13,5.21,8.6,135,not_out,34.65,84.64,not_out,,2.56,3.35
striker_ref,12.73,0.38,76,2.0,0.4,53,23,3.19,34.03,31.15,16.3,135,not_out,44.73,23.66,not_out,,3.44,14.79
striker_ref,51.25,0.33,77,4.0,0.4,53,25,2.28,25.59,36.89,17.1,135,not_out,50.72,42.47,not_out,,15.93,14.4
striker_ref,13.72,1.2,78,6.0,0.4,54,29,3.62,13.99,19.6,6.4,135,not_out,58.58,61.79,not_out,,12.63,16.19
striker_ref,1.81,0.94,79,8.0,0.4,54,29,2.13,4.02,3.41,3.7,135,not_out,69.3,84.64,not_out,,2.13,2.43
striker_ref,9.35,0.3,80,2.0,-0.4,51,21,2.6,72.86,33.63,19.1,145,not_out,-44.73,22.93,umpires_call,,13.89,14.43
striker_ref,29.13,0.99,81,4.0,-0.4,51,24,2.4,17.04,31.81,0.1,145,not_out,-50.72,41.69,not_out,,4.99,6.47
striker_ref,2.05,0.39,82,6.0,-0.4,52,27,3.75,4.2,5.6,6.3,145,not_out,-58.58,61.65,not_out,,13.02,17.23
striker_ref,8.36,0.76,83,8.0,-0.4,52,26,3.87,2.89,2.26,0.3,145,not_out,-69.3,85.84,not_out,,16.28,13.06
striker_ref,375.45,1.84,84,2.0,-0.2,51,20,3.42,121.89,70.84,43.2,145,not_out,-22.36,22.93,umpires_call,,7.22,20.66
striker_ref,665.88,3.96,85,4.0,-0.2,51,18,2.44,17.79,11.95,72.1,145,not_out,-25.36,41.69,umpires_call,,11.15,32.44
striker_ref,1.12,0.55,86,6.0,-0.2,52,27,4.27,3.37,9.12,5.1,145,not_out,-29.29,61.65,not_out,,6.14,17.25
striker_ref,4.93,0.83,87,8.0,-0.2,52,26,4.07,1.45,2.31,2.8,145,not_out,-34.65,85.84,not_out,,7.15,13.37
striker_ref,538.49,0.57,88,2.0,0.0,51,19,2.94,144.75,86.67,63.6,145,out,0.0,22.93,umpires_call,,0.62,27.6
striker_ref,25.64,0.66,89,4.0,0.0,51,22,2.62,1.31,15.6,2.4,145,out,0.0,41.69,out,,0.08,6.31
striker_ref,8.18,1.23,90,6.0,0.0,52,25,2.72,0.77,11.26,5.3,145,out,0.0,61.65,umpires_call,,0.04,14.44
striker_ref,1.06,0.42,91,8.0,0.0,52,25,3.15,0.95,9.59,5.4,145,not_out,0.0,85.84,not_out,,1.03,11.31
striker_ref,377.99,2.34,92,2.0,0.2,51,20,2.98,116.78,69.9,46.1,145,not_out,22.36,22.93,not_out,,4.12,20.24
striker_ref,36.31,1.03,93,4.0,0.2,51,22,3.01,3.29,11.67,8.2,145,not_out,25.36,41.69,not_out,,1.33,2.66
striker_ref,4.43,0.7,94,6.0,0.2,52,25,2.33,2.25,5.76,4.0,145,not_out,29.29,61.65,not_out,,6.29,16.61
striker_ref,7.15,0.57,95,8.0,0.2,52,25,2.09,2.01,3.03,3.9,145,not_out,34.65,85.84,not_out,,9.58,16.29
striker_ref,42.73,0.46,96,2.0,0.4,51,21,6.66,42.03,22.36,14.9,145,not_out,44.73,22.93,not_out,,1.72,6.8
striker_ref,26.94,0.07,97,4.0,0.4,51,25,2.29,15.83,29.58,1.2,145,not_out,50.72,41.69,not_out,,4.03,4.94
striker_ref,1.87,0.99,98,6.0,0.4,52,27,3.81,3.83,5.12,7.3,145,not_out,58.58,61.65,not_out,,12.91,17.27
striker_ref,11.04,1.12,99,8.0,0.4,52,27,2.53,2.86,2.23,0.7,145,not_out,69.3,85.84,not_out,,16.22,13.49
